id,predicted
0,28
1,37
2,76
3,17
4,17
5,9
6,10
7,15
8,20
9,19
10,67
11,8
12,22
13,16
14,25
15,26
16,18
17,28
18,6
19,40
20,7
21,43
22,14
23,22
24,9
25,23
26,48
27,22
28,18
29,43
30,25
31,24
32,31
33,16
34,19
35,23
36,21
37,10
38,84
39,20
40,32
41,33
42,9
43,13
44,30
45,5
46,37
47,9
48,7
49,31
50,36
51,48
52,14
53,42
54,26
55,17
56,25
57,74
58,44
59,7
60,14
61,6
62,23
63,38
64,452
65,57
66,26
67,30
68,30
69,25
70,71
71,11
72,14
73,35
74,5
75,13
76,24
77,30
78,16
79,48
80,14
81,10
82,25
83,25
84,26
85,30
86,30
87,13
88,20
89,20
90,100
91,12
92,42
93,12
94,49
95,9
96,12
97,33
98,13
99,18
100,63
101,56
102,1
103,61
104,21
105,19
106,11
107,24
108,76
109,78
110,85
111,35
112,136
113,4
114,22
115,11
116,33
117,39
118,16
119,21
120,62
121,49
122,26
123,64
124,21
125,26
126,29
127,12
128,24
129,12
130,18
131,16
132,72
133,10
134,15
135,8
136,8
137,23
138,31
139,23
140,12
141,18
142,24
143,4
144,23
145,123
146,90
147,28
148,10
149,10
150,18
151,9
152,5
153,8
154,5
155,19
156,17
157,25
158,14
159,19
160,26
161,8
162,35
163,11
164,53
165,6
166,15
167,23
168,38
169,13
170,59
171,10
172,34
173,8
174,17
175,29
176,101
177,23
178,64
179,10
180,5
181,11
182,8
183,32
184,13
185,25
186,39
187,26
188,30
189,11
190,33
191,10
192,13
193,11
194,19
195,20
196,49
197,29
198,42
199,18
200,19
201,10
202,10
203,85
204,66
205,11
206,23
207,43
208,8
209,19
210,4
211,17
212,6
213,11
214,14
215,17
216,10
217,16
218,5
219,103
220,21
221,40
222,27
223,31
224,7
225,47
226,31
227,34
228,2
229,22
230,75
231,20
232,24
233,16
234,25
235,26
236,21
237,28
238,108
239,74
240,18
241,169
242,16
243,30
244,30
245,15
246,8
247,12
248,16
249,343
250,15
251,20
252,31
253,15
254,35
255,12
256,38
257,9
258,26
259,13
260,9
261,28
262,227
263,12
264,18
265,9
266,136
267,29
268,21
269,20
270,32
271,15
272,106
273,6
274,18
275,10
276,23
277,7
278,74
279,78
280,53
281,27
282,6
283,11
284,8
285,31
286,38
287,14
288,14
289,15
290,13
291,28
292,89
293,23
294,30
295,7
296,26
297,121
298,14
299,18
300,16
301,5
302,13
303,14
304,43
305,23
306,18
307,53
308,49
309,14
310,26
311,60
312,13
313,73
314,12
315,36
316,82
317,8
318,10
319,21
320,10
321,28
322,77
323,22
324,16
325,35
326,38
327,15
328,33
329,59
330,33
331,66
332,39
333,17
334,14
335,29
336,29
337,15
338,23
339,13
340,11
341,13
342,61
343,71
344,29
345,23
346,33
347,14
348,34
349,11
350,16
351,4
352,9
353,21
354,19
355,12
356,13
357,47
358,117
359,63
360,13
361,15
362,14
363,75
364,27
365,19
366,25
367,55
368,20
369,7
370,24
371,173
372,11
373,15
374,5
375,87
376,6
377,26
378,16
379,21
380,27
381,22
382,12
383,20
384,28
385,43
386,15
387,29
388,31
389,25
390,77
391,2
392,39
393,37
394,44
395,18
396,27
397,155
398,10
399,14
400,47
401,14
402,14
403,19
404,29
405,10
406,53
407,32
408,9
409,203
410,6
411,4
412,12
413,14
414,25
415,7
416,9
417,88
418,9
419,29
420,12
421,14
422,14
423,64
424,13
425,10
426,10
427,29
428,1
429,23
430,14
431,16
432,14
433,28
434,14
435,55
436,10
437,89
438,35
439,15
440,70
441,29
442,11
443,34
444,14
445,26
446,52
447,6
448,21
449,32
450,23
451,62
452,17
453,15
454,25
455,24
456,13
457,9
458,6
459,5
460,23
461,8
462,13
463,24
464,13
465,42
466,27
467,3
468,10
469,12
470,20
471,10
472,20
473,11
474,26
475,28
476,14
477,8
478,37
479,7
480,27
481,17
482,51
483,21
484,39
485,38
486,30
487,9
488,59
489,45
490,5
491,10
492,24
493,12
494,11
495,13
496,10
497,2
498,47
499,18
500,5
501,56
502,16
503,10
504,11
505,28
506,31
507,51
508,49
509,57
510,84
511,17
512,52
513,13
514,66
515,14
516,53
517,13
518,28
519,37
520,216
521,36
522,32
523,25
524,30
525,14
526,24
527,12
528,17
529,31
530,15
531,98
532,81
533,8
534,50
535,9
536,24
537,51
538,5
539,75
540,144
541,4
542,23
543,3
544,10
545,42
546,24
547,29
548,12
549,11
550,53
551,35
552,33
553,30
554,98
555,2
556,6
557,27
558,11
559,9
560,12
561,28
562,19
563,82
564,17
565,28
566,13
567,25
568,16
569,54
570,25
571,47
572,8
573,13
574,97
575,61
576,34
577,15
578,3
579,39
580,45
581,10
582,11
583,39
584,13
585,73
586,25
587,13
588,31
589,14
590,23
591,39
592,114
593,26
594,12
595,9
596,9
597,80
598,20
599,22
600,6
601,32
602,46
603,24
604,29
605,11
606,22
607,16
608,16
609,28
610,31
611,68
612,17
613,17
614,27
615,26
616,15
617,14
618,52
619,28
620,87
621,18
622,14
623,29
624,18
625,28
626,21
627,17
628,6
629,10
630,27
631,42
632,15
633,67
634,29
635,4
636,11
637,6
638,25
639,8
640,9
641,16
642,11
643,24
644,19
645,25
646,26
647,99
648,47
649,19
650,26
651,42
652,8
653,3
654,82
655,59
656,27
657,8
658,29
659,27
660,1
661,30
662,11
663,10
664,17
665,20
666,15
667,55
668,24
669,50
670,6
671,85
672,83
673,19
674,246
675,10
676,13
677,10
678,12
679,16
680,16
681,15
682,21
683,53
684,10
685,17
686,26
687,37
688,6
689,23
690,26
691,37
692,33
693,11
694,8
695,4
696,5
697,20
698,17
699,15
700,15
701,6
702,43
703,25
704,10
705,10
706,56
707,19
708,18
709,11
710,96
711,14
712,28
713,65
714,14
715,36
716,11
717,5
718,50
719,29
720,78
721,75
722,7
723,18
724,111
725,33
726,19
727,38
728,6
729,19
730,20
731,27
732,32
733,36
734,7
735,23
736,18
737,30
738,98
739,16
740,7
741,11
742,13
743,26
744,35
745,11
746,27
747,18
748,37
749,162
750,18
751,15
752,19
753,9
754,1
755,23
756,34
757,35
758,29
759,96
760,62
761,20
762,8
763,34
764,39
765,29
766,34
767,13
768,19
769,14
770,6
771,39
772,16
773,82
774,21
775,10
776,12
777,5
778,32
779,24
780,61
781,29
782,14
783,37
784,43
785,5
786,38
787,18
788,7
789,11
790,256
791,14
792,74
793,36
794,13
795,25
796,12
797,22
798,9
799,17
800,27
801,22
802,12
803,16
804,6
805,50
806,30
807,10
808,23
809,10
810,41
811,16
812,16
813,75
814,13
815,10
816,27
817,20
818,31
819,12
820,37
821,9
822,11
823,87
824,17
825,94
826,10
827,18
828,18
829,44
830,15
831,21
832,28
833,26
834,32
835,11
836,25
837,19
838,62
839,29
840,15
841,30
842,9
843,16
844,29
845,25
846,31
847,4
848,12
849,8
850,14
851,34
852,25
853,49
854,37
855,26
856,30
857,37
858,25
859,15
860,20
861,17
862,12
863,64
864,34
865,18
866,16
867,5
868,19
869,11
870,31
871,7
872,19
873,20
874,4
875,27
876,33
877,7
878,59
879,12
880,44
881,21
882,17
883,27
884,18
885,37
886,9
887,29
888,15
889,86
890,99
891,38
892,31
893,9
894,34
895,92
896,26
897,12
898,16
899,25
900,99
901,17
902,112
903,33
904,2
905,7
906,31
907,14
908,32
909,96
910,21
911,35
912,6
913,10
914,8
915,286
916,17
917,76
918,30
919,29
920,26
921,47
922,23
923,2
924,14
925,73
926,10
927,11
928,82
929,14
930,19
931,54
932,12
933,31
934,25
935,27
936,12
937,12
938,19
939,21
940,39
941,19
942,20
943,20
944,16
945,13
946,33
947,19
948,32
949,21
950,14
951,167
952,17
953,8
954,255
955,15
956,21
957,15
958,13
959,143
960,29
961,27
962,12
963,16
964,30
965,18
966,15
967,92
968,19
969,14
970,19
971,60
972,14
973,27
974,24
975,5
976,9
977,26
978,30
979,27
980,0
981,43
982,66
983,19
984,12
985,16
986,30
987,68
988,4
989,9
990,13
991,38
992,26
993,91
994,5
995,11
996,11
997,103
998,14
999,15
1000,23
1001,4
1002,18
1003,56
1004,15
1005,32
1006,57
1007,89
1008,8
1009,19
1010,54
1011,13
1012,12
1013,38
1014,23
1015,127
1016,12
1017,42
1018,22
1019,88
1020,15
1021,24
1022,18
1023,38
1024,31
1025,26
1026,8
1027,12
1028,21
1029,117
1030,34
1031,0
1032,11
1033,63
1034,3
1035,36
1036,28
1037,42
1038,15
1039,60
1040,0
1041,14
1042,27
1043,32
1044,57
1045,6
1046,87
1047,32
1048,7
1049,30
1050,10
1051,24
1052,13
1053,15
1054,41
1055,32
1056,5
1057,46
1058,13
1059,11
1060,25
1061,25
1062,22
1063,11
1064,14
1065,11
1066,2
1067,179
1068,19
1069,9
1070,29
1071,20
1072,32
1073,11
1074,13
1075,16
1076,80
1077,207
1078,12
1079,9
1080,12
1081,31
1082,5
1083,11
1084,21
1085,17
1086,20
1087,29
1088,10
1089,25
1090,32
1091,21
1092,12
1093,39
1094,16
1095,56
1096,14
1097,48
1098,93
1099,9
1100,14
1101,42
1102,59
1103,14
1104,25
1105,20
1106,30
1107,25
1108,80
1109,15
1110,4
1111,73
1112,5
1113,17
1114,18
1115,19
1116,10
1117,0
1118,7
1119,217
1120,1
1121,36
1122,142
1123,312
1124,33
1125,13
1126,12
1127,63
1128,28
1129,138
1130,16
1131,25
1132,49
1133,5
1134,10
1135,10
1136,13
1137,189
1138,41
1139,6
1140,13
1141,8
1142,12
1143,10
1144,12
1145,41
1146,8
1147,8
1148,7
1149,90
1150,29
1151,45
1152,3
1153,14
1154,14
1155,26
1156,43
1157,47
1158,5
1159,7
1160,17
1161,87
1162,38
1163,33
1164,20
1165,9
1166,107
1167,31
1168,27
1169,6
1170,29
1171,60
1172,19
1173,29
1174,112
1175,15
1176,37
1177,24
1178,68
1179,13
1180,27
1181,27
1182,17
1183,9
1184,10
1185,91
1186,15
1187,31
1188,11
1189,75
1190,18
1191,25
1192,51
1193,7
1194,21
1195,19
1196,8
1197,15
1198,5
1199,50
1200,28
1201,12
1202,16
1203,17
1204,9
1205,31
1206,15
1207,18
1208,28
1209,34
1210,30
1211,17
1212,15
1213,179
1214,14
1215,28
1216,21
1217,56
1218,8
1219,181
1220,10
1221,8
1222,42
1223,21
1224,19
1225,44
1226,14
1227,14
1228,30
1229,20
1230,100
1231,7
1232,18
1233,15
1234,20
1235,26
1236,156
1237,20
1238,16
1239,22
1240,25
1241,16
1242,8
1243,17
1244,51
1245,7
1246,13
1247,22
1248,68
1249,44
1250,16
1251,3
1252,15
1253,31
1254,0
1255,9
1256,137
1257,27
1258,13
1259,48
1260,35
1261,29
1262,8
1263,202
1264,16
1265,21
1266,29
1267,0
1268,18
1269,34
1270,10
1271,3
1272,31
1273,20
1274,11
1275,32
1276,6
1277,23
1278,74
1279,50
1280,26
1281,32
1282,5
1283,14
1284,22
1285,12
1286,5
1287,12
1288,15
1289,13
1290,27
1291,14
1292,69
1293,82
1294,38
1295,35
1296,9
1297,18
1298,25
1299,36
1300,19
1301,27
1302,19
1303,87
1304,56
1305,102
1306,34
1307,7
1308,28
1309,15
1310,26
1311,12
1312,11
1313,8
1314,62
1315,22
1316,12
1317,7
1318,92
1319,18
1320,95
1321,28
1322,24
1323,16
1324,12
1325,16
1326,7
1327,24
1328,3
1329,18
1330,84
1331,26
1332,8
1333,31
1334,55
1335,16
1336,38
1337,25
1338,14
1339,77
1340,15
1341,34
1342,45
1343,32
1344,11
1345,26
1346,62
1347,19
1348,21
1349,13
1350,20
1351,12
1352,12
1353,20
1354,7
1355,6
1356,13
1357,26
1358,50
1359,23
1360,9
1361,24
1362,8
1363,30
1364,11
1365,12
1366,15
1367,12
1368,28
1369,32
1370,28
1371,10
1372,110
1373,13
1374,32
1375,6
1376,28
1377,69
1378,20
1379,15
1380,10
1381,25
1382,13
1383,14
1384,27
1385,84
1386,152
1387,15
1388,52
1389,13
1390,2
1391,17
1392,86
1393,31
1394,33
1395,35
1396,13
1397,72
1398,16
1399,60
1400,11
1401,8
1402,14
1403,34
1404,253
1405,17
1406,17
1407,17
1408,11
1409,25
1410,20
1411,29
1412,22
1413,0
1414,15
1415,16
1416,22
1417,9
1418,94
1419,2
1420,26
1421,11
1422,23
1423,7
1424,50
1425,22
1426,34
1427,71
1428,19
1429,43
1430,31
1431,19
1432,15
1433,15
1434,33
1435,12
1436,56
1437,18
1438,56
1439,8
1440,191
1441,12
1442,25
1443,13
1444,11
1445,24
1446,43
1447,9
1448,35
1449,59
1450,28
1451,26
1452,14
1453,21
1454,21
1455,7
1456,89
1457,25
1458,29
1459,4
1460,86
1461,44
1462,52
1463,20
1464,3
1465,19
1466,7
1467,36
1468,13
1469,45
1470,11
1471,7
1472,13
1473,20
1474,23
1475,15
1476,10
1477,20
1478,48
1479,59
1480,10
1481,9
1482,24
1483,10
1484,13
1485,37
1486,13
1487,23
1488,84
1489,11
1490,13
1491,19
1492,30
1493,15
1494,75
1495,18
1496,34
1497,4
1498,12
1499,24
1500,14
1501,64
1502,36
1503,46
1504,5
1505,10
1506,16
1507,8
1508,19
1509,17
1510,17
1511,5
1512,9
1513,18
1514,14
1515,13
1516,9
1517,36
1518,11
1519,31
1520,27
1521,13
1522,24
1523,29
1524,21
1525,52
1526,9
1527,20
1528,13
1529,27
1530,12
1531,119
1532,12
1533,99
1534,12
1535,20
1536,114
1537,21
1538,68
1539,27
1540,25
1541,23
1542,52
1543,64
1544,22
1545,26
1546,19
1547,29
1548,111
1549,11
1550,18
1551,32
1552,14
1553,21
1554,35
1555,19
1556,42
1557,18
1558,21
1559,24
1560,14
1561,5
1562,11
1563,28
1564,16
1565,92
1566,15
1567,30
1568,39
1569,12
1570,18
1571,16
1572,106
1573,4
1574,80
1575,16
1576,1
1577,37
1578,18
1579,41
1580,7
1581,26
1582,12
1583,24
1584,13
1585,24
1586,6
1587,146
1588,8
1589,20
1590,65
1591,32
1592,20
1593,18
1594,102
1595,14
1596,16
1597,6
1598,7
1599,2
1600,13
1601,23
1602,28
1603,62
1604,90
1605,4
1606,15
1607,104
1608,8
1609,45
1610,24
1611,64
1612,19
1613,24
1614,12
1615,77
1616,40
1617,46
1618,62
1619,25
1620,11
1621,14
1622,19
1623,3
1624,44
1625,30
1626,27
1627,20
1628,216
1629,17
1630,15
1631,12
1632,39
1633,9
1634,25
1635,100
1636,12
1637,37
1638,87
1639,18
1640,61
1641,26
1642,20
1643,13
1644,16
1645,30
1646,102
1647,28
1648,10
1649,5
1650,30
1651,23
1652,176
1653,3
1654,15
1655,18
1656,11
1657,13
1658,21
1659,10
1660,6
1661,9
1662,78
1663,102
1664,31
1665,71
1666,28
1667,17
1668,18
1669,84
1670,14
1671,15
1672,14
1673,7
1674,16
1675,1
1676,3
1677,22
1678,36
1679,14
1680,5
1681,23
1682,25
1683,78
1684,97
1685,29
1686,17
1687,36
1688,23
1689,138
1690,14
1691,27
1692,6
1693,2
1694,16
1695,12
1696,6
1697,15
1698,22
1699,15
1700,6
1701,1
1702,96
1703,80
1704,41
1705,20
1706,18
1707,73
1708,8
1709,16
1710,10
1711,11
1712,25
1713,65
1714,2
1715,42
1716,255
1717,19
1718,5
1719,10
1720,14
1721,42
1722,16
1723,26
1724,26
1725,8
1726,65
1727,26
1728,25
1729,20
1730,105
1731,10
1732,27
1733,1
1734,14
1735,26
1736,85
1737,13
1738,122
1739,13
1740,7
1741,54
1742,11
1743,29
1744,9
1745,9
1746,33
1747,12
1748,24
1749,18
1750,22
1751,10
1752,23
1753,21
1754,63
1755,59
1756,30
1757,38
1758,13
1759,101
1760,7
1761,45
1762,12
1763,70
1764,25
1765,17
1766,13
1767,15
1768,22
1769,11
1770,79
1771,62
1772,319
1773,15
1774,42
1775,14
1776,49
1777,37
1778,27
1779,26
1780,22
1781,11
1782,34
1783,7
1784,18
1785,6
1786,8
1787,9
1788,10
1789,27
1790,14
1791,28
1792,10
1793,11
1794,41
1795,36
1796,46
1797,7
1798,20
1799,15
1800,14
1801,2
1802,23
1803,12
1804,19
1805,25
1806,20
1807,9
1808,13
1809,7
1810,26
1811,26
1812,13
1813,12
1814,27
1815,15
1816,12
1817,28
1818,20
1819,13
1820,35
1821,10
1822,7
1823,31
1824,50
1825,16
1826,49
1827,25
1828,34
1829,106
1830,19
1831,16
1832,26
1833,23
1834,22
1835,17
1836,19
1837,9
1838,27
1839,8
1840,14
1841,16
1842,119
1843,50
1844,27
1845,42
1846,58
1847,32
1848,22
1849,20
1850,7
1851,11
1852,6
1853,41
1854,63
1855,10
1856,17
1857,25
1858,222
1859,16
1860,73
1861,64
1862,15
1863,15
1864,28
1865,46
1866,13
1867,25
1868,19
1869,19
1870,22
1871,125
1872,12
1873,14
1874,36
1875,16
1876,30
1877,35
1878,32
1879,76
1880,49
1881,10
1882,59
1883,25
1884,19
1885,6
1886,4
1887,32
1888,26
1889,23
1890,11
1891,19
1892,40
1893,5
1894,33
1895,17
1896,102
1897,8
1898,5
1899,24
1900,11
1901,46
1902,9
1903,16
1904,11
1905,242
1906,36
1907,100
1908,11
1909,25
1910,67
1911,12
1912,7
1913,10
1914,20
1915,13
1916,30
1917,12
1918,33
1919,31
1920,18
1921,13
1922,53
1923,14
1924,13
1925,57
1926,9
1927,54
1928,60
1929,17
1930,13
1931,36
1932,20
1933,13
1934,23
1935,84
1936,12
1937,24
1938,1
1939,13
1940,28
1941,44
1942,10
1943,17
1944,42
1945,15
1946,15
1947,51
1948,50
1949,48
1950,43
1951,14
1952,20
1953,26
1954,84
1955,23
1956,11
1957,24
1958,55
1959,123
1960,16
1961,8
1962,15
1963,83
1964,14
1965,36
1966,15
1967,72
1968,24
1969,13
1970,21
1971,30
1972,6
1973,5
1974,49
1975,127
1976,30
1977,25
1978,34
1979,19
1980,24
1981,41
1982,23
1983,11
1984,16
1985,9
1986,12
1987,97
1988,89
1989,17
1990,0
1991,11
1992,20
1993,89
1994,14
1995,34
1996,94
1997,50
1998,3
1999,12
2000,19
2001,37
2002,14
2003,12
2004,10
2005,16
2006,134
2007,23
2008,10
2009,49
2010,69
2011,36
2012,14
2013,29
2014,72
2015,24
2016,49
2017,22
2018,52
2019,10
2020,48
2021,10
2022,25
2023,24
2024,9
2025,16
2026,22
2027,31
2028,42
2029,33
2030,12
2031,6
2032,9
2033,13
2034,55
2035,25
2036,34
2037,17
2038,14
2039,5
2040,23
2041,22
2042,16
2043,6
2044,14
2045,4
2046,71
2047,19
2048,28
2049,127
2050,19
2051,8
2052,12
2053,19
2054,67
2055,23
2056,16
2057,19
2058,265
2059,7
2060,34
2061,6
2062,44
2063,24
2064,14
2065,22
2066,20
2067,5
2068,47
2069,1
2070,24
2071,11
2072,17
2073,104
2074,17
2075,15
2076,7
2077,17
2078,24
2079,47
2080,22
2081,100
2082,27
2083,15
2084,38
2085,50
2086,24
2087,19
2088,20
2089,14
2090,13
2091,72
2092,9
2093,15
2094,61
2095,10
2096,14
2097,30
2098,15
2099,40
2100,5
2101,51
2102,22
2103,18
2104,19
2105,22
2106,23
2107,124
2108,34
2109,53
2110,14
2111,15
2112,17
2113,19
2114,60
2115,58
2116,13
2117,14
2118,38
2119,75
2120,63
2121,23
2122,18
2123,37
2124,12
2125,9
2126,8
2127,4
2128,29
2129,17
2130,83
2131,2
2132,69
2133,17
2134,23
2135,48
2136,13
2137,25
2138,20
2139,1
2140,12
2141,26
2142,13
2143,11
2144,93
2145,18
2146,48
2147,10
2148,11
2149,20
2150,33
2151,18
2152,18
2153,101
2154,17
2155,13
2156,18
2157,27
2158,39
2159,17
2160,31
2161,6
2162,111
2163,90
2164,36
2165,58
2166,24
2167,59
2168,161
2169,15
2170,10
2171,21
2172,27
2173,15
2174,28
2175,25
2176,29
2177,12
2178,26
2179,33
2180,6
2181,5
2182,10
2183,128
2184,25
2185,43
2186,14
2187,50
2188,7
2189,27
2190,8
2191,21
2192,54
2193,225
2194,15
2195,13
2196,60
2197,14
2198,70
2199,29
2200,48
2201,10
2202,1
2203,26
2204,27
2205,16
2206,14
2207,5
2208,30
2209,30
2210,25
2211,38
2212,27
2213,23
2214,25
2215,53
2216,7
2217,26
2218,11
2219,29
2220,44
2221,12
2222,8
2223,33
2224,28
2225,13
2226,5
2227,27
2228,50
2229,10
2230,18
2231,22
2232,42
2233,62
2234,19
2235,2
2236,20
2237,5
2238,6
2239,32
2240,8
2241,24
2242,46
2243,12
2244,26
2245,9
2246,12
2247,28
2248,124
2249,6
2250,26
2251,30
2252,14
2253,55
2254,73
2255,50
2256,29
2257,168
2258,103
2259,16
2260,23
2261,21
2262,8
2263,8
2264,28
2265,56
2266,34
2267,26
2268,30
2269,23
2270,4
2271,5
2272,11
2273,19
2274,12
2275,22
2276,12
2277,47
2278,79
2279,14
2280,28
2281,35
2282,7
2283,31
2284,24
2285,150
2286,12
2287,27
2288,4
2289,24
2290,22
2291,9
2292,17
2293,6
2294,10
2295,24
2296,51
2297,22
2298,8
2299,6
2300,14
2301,10
2302,1
2303,13
2304,16
2305,32
2306,25
2307,21
2308,25
2309,33
2310,20
2311,28
2312,19
2313,20
2314,14
2315,17
2316,18
2317,18
2318,148
2319,23
2320,3
2321,10
2322,15
2323,25
2324,15
2325,21
2326,23
2327,33
2328,47
2329,9
2330,16
2331,38
2332,37
2333,101
2334,6
2335,11
2336,2
2337,20
2338,11
2339,14
2340,40
2341,19
2342,53
2343,16
2344,14
2345,12
2346,11
2347,60
2348,33
2349,9
2350,7
2351,14
2352,22
2353,16
2354,29
2355,71
2356,32
2357,42
2358,62
2359,15
2360,24
2361,15
2362,8
2363,18
2364,63
2365,224
2366,6
2367,20
2368,18
2369,12
2370,26
2371,25
2372,21
2373,324
2374,2
2375,41
2376,19
2377,64
2378,1
2379,10
2380,19
2381,32
2382,24
2383,28
2384,30
2385,27
2386,40
2387,15
2388,30
2389,11
2390,31
2391,7
2392,24
2393,16
2394,22
2395,67
2396,17
2397,27
2398,59
2399,10
2400,80
2401,6
2402,82
2403,16
2404,29
2405,16
2406,36
2407,10
2408,15
2409,9
2410,16
2411,21
2412,17
2413,89
2414,25
2415,27
2416,8
2417,26
2418,36
2419,27
2420,12
2421,18
2422,35
2423,36
2424,15
2425,8
2426,28
2427,13
2428,12
2429,17
2430,19
2431,5
2432,33
2433,60
2434,6
2435,16
2436,21
2437,24
2438,29
2439,91
2440,7
2441,27
2442,20
2443,5
2444,12
2445,119
2446,19
2447,15
2448,90
2449,10
2450,17
2451,48
2452,11
2453,12
2454,66
2455,32
2456,20
2457,30
2458,25
2459,69
2460,32
2461,27
2462,208
2463,3
2464,16
2465,3
2466,22
2467,23
2468,12
2469,13
2470,41
2471,34
2472,24
2473,66
2474,8
2475,24
2476,20
2477,18
2478,17
2479,25
2480,10
2481,26
2482,23
2483,23
2484,44
2485,12
2486,17
2487,32
2488,30
2489,11
2490,8
2491,136
2492,5
2493,98
2494,207
2495,56
2496,13
2497,56
2498,209
2499,17
2500,48
2501,11
2502,8
2503,34
2504,37
2505,23
2506,24
2507,18
2508,18
2509,47
2510,76
2511,14
2512,34
2513,37
2514,37
2515,7
2516,11
2517,15
2518,9
2519,41
2520,24
2521,16
2522,211
2523,15
2524,7
2525,4
2526,49
2527,13
2528,14
2529,16
2530,7
2531,27
2532,14
2533,9
2534,11
2535,17
2536,10
2537,7
2538,18
2539,5
2540,65
2541,100
2542,14
2543,14
2544,63
2545,3
2546,61
2547,18
2548,72
2549,18
2550,25
2551,8
2552,22
2553,29
2554,30
2555,14
2556,13
2557,13
2558,18
2559,19
2560,30
2561,16
2562,18
2563,20
2564,10
2565,25
2566,17
2567,26
2568,12
2569,11
2570,9
2571,20
2572,73
2573,58
2574,24
2575,7
2576,15
2577,7
2578,8
2579,16
2580,21
2581,63
2582,30
2583,4
2584,11
2585,27
2586,61
2587,14
2588,4
2589,24
2590,44
2591,31
2592,237
2593,9
2594,8
2595,86
2596,93
2597,103
2598,9
2599,41
2600,23
2601,39
2602,16
2603,27
2604,37
2605,26
2606,7
2607,41
2608,12
2609,29
2610,31
2611,24
2612,4
2613,25
2614,31
2615,49
2616,18
2617,30
2618,47
2619,32
2620,44
2621,76
2622,34
2623,14
2624,22
2625,13
2626,97
2627,45
2628,9
2629,90
2630,66
2631,5
2632,27
2633,25
2634,51
2635,36
2636,13
2637,15
2638,115
2639,4
2640,2
2641,67
2642,7
2643,24
2644,109
2645,73
2646,30
2647,7
2648,28
2649,5
2650,3
2651,18
2652,22
2653,22
2654,27
2655,27
2656,16
2657,62
2658,24
2659,32
2660,50
2661,49
2662,35
2663,21
2664,7
2665,35
2666,48
2667,10
2668,25
2669,37
2670,30
2671,37
2672,29
2673,27
2674,5
2675,16
2676,20
2677,24
2678,11
2679,51
2680,21
2681,13
2682,30
2683,28
2684,17
2685,8
2686,30
2687,72
2688,23
2689,29
2690,9
2691,32
2692,143
2693,6
2694,64
2695,24
2696,72
2697,16
2698,61
2699,32
2700,39
2701,16
2702,25
2703,63
2704,41
2705,27
2706,19
2707,28
2708,48
2709,5
2710,65
2711,15
2712,17
2713,16
2714,27
2715,11
2716,12
2717,47
2718,32
2719,12
2720,15
2721,27
2722,60
2723,14
2724,14
2725,9
2726,24
2727,15
2728,5
2729,13
2730,33
2731,9
2732,4
2733,58
2734,16
2735,26
2736,14
2737,26
2738,7
2739,34
2740,20
2741,39
2742,132
2743,92
2744,13
2745,17
2746,62
2747,23
2748,17
2749,19
2750,77
2751,89
2752,5
2753,13
2754,64
2755,13
2756,17
2757,31
2758,25
2759,29
2760,15
2761,75
2762,12
2763,8
2764,15
2765,6
2766,20
2767,18
2768,25
2769,16
2770,17
2771,58
2772,13
2773,34
2774,14
2775,11
2776,20
2777,85
2778,15
2779,27
2780,8
2781,6
2782,296
2783,42
2784,14
2785,61
2786,33
2787,15
2788,14
2789,16
2790,51
2791,22
2792,33
2793,12
2794,23
2795,12
2796,19
2797,10
2798,39
2799,4
2800,37
2801,65
2802,17
2803,44
2804,34
2805,6
2806,22
2807,15
2808,24
2809,14
2810,14
2811,33
2812,14
2813,12
2814,33
2815,8
2816,30
2817,25
2818,26
2819,69
2820,19
2821,28
2822,2
2823,15
2824,15
2825,230
2826,32
2827,27
2828,5
2829,17
2830,79
2831,19
2832,27
2833,22
2834,21
2835,11
2836,20
2837,41
2838,17
2839,32
2840,27
2841,24
2842,18
2843,38
2844,25
2845,48
2846,29
2847,14
2848,20
2849,7
2850,11
2851,64
2852,15
2853,7
2854,35
2855,17
2856,36
2857,52
2858,18
2859,16
2860,16
2861,9
2862,20
2863,71
2864,24
2865,11
2866,21
2867,154
2868,9
2869,6
2870,13
2871,11
2872,12
2873,29
2874,17
2875,26
2876,28
2877,19
2878,14
2879,10
2880,12
2881,2
2882,21
2883,9
2884,13
2885,2
2886,64
2887,22
2888,21
2889,45
2890,33
2891,25
2892,3
2893,50
2894,7
2895,9
2896,23
2897,114
2898,134
2899,7
2900,24
2901,22
2902,22
2903,3
2904,17
2905,30
2906,5
2907,18
2908,14
2909,17
2910,26
2911,35
2912,27
2913,12
2914,8
2915,1
2916,25
2917,38
2918,16
2919,13
2920,15
2921,14
2922,11
2923,38
2924,27
2925,28
2926,14
2927,12
2928,45
2929,95
2930,24
2931,42
2932,7
2933,27
2934,20
2935,73
2936,12
2937,29
2938,5
2939,18
2940,8
2941,14
2942,4
2943,22
2944,13
2945,36
2946,14
2947,29
2948,64
2949,11
2950,24
2951,19
2952,27
2953,422
2954,9
2955,4
2956,7
2957,46
2958,122
2959,13
2960,33
2961,27
2962,66
2963,14
2964,27
2965,56
2966,16
2967,16
2968,30
2969,37
2970,33
2971,11
2972,16
2973,14
2974,11
2975,2
2976,22
2977,9
2978,54
2979,6
2980,37
2981,11
2982,43
2983,45
2984,30
2985,32
2986,69
2987,3
2988,97
2989,10
2990,40
2991,9
2992,16
2993,36
2994,10
2995,89
2996,13
2997,12
2998,13
2999,42
3000,25
3001,15
3002,23
3003,60
3004,29
3005,1
3006,14
3007,18
3008,28
3009,75
3010,28
3011,16
3012,4
3013,64
3014,26
3015,13
3016,15
3017,54
3018,129
3019,5
3020,6
3021,12
3022,89
3023,8
3024,24
3025,1
3026,124
3027,23
3028,51
3029,51
3030,7
3031,53
3032,30
3033,13
3034,9
3035,5
3036,14
3037,10
3038,15
3039,16
3040,9
3041,9
3042,61
3043,17
3044,28
3045,20
3046,31
3047,10
3048,16
3049,17
3050,57
3051,4
3052,16
3053,15
3054,4
3055,17
3056,13
3057,18
3058,15
3059,75
3060,22
3061,14
3062,69
3063,25
3064,33
3065,27
3066,25
3067,1
3068,29
3069,16
3070,34
3071,21
3072,61
3073,19
3074,3
3075,27
3076,15
3077,3
3078,31
3079,41
3080,11
3081,13
3082,23
3083,32
3084,7
3085,40
3086,24
3087,27
3088,5
3089,40
3090,4
3091,32
3092,12
3093,13
3094,33
3095,23
3096,7
3097,25
3098,42
3099,13
3100,22
3101,14
3102,24
3103,26
3104,70
3105,8
3106,13
3107,46
3108,38
3109,14
3110,5
3111,12
3112,11
3113,10
3114,66
3115,22
3116,8
3117,11
3118,15
3119,39
3120,8
3121,6
3122,40
3123,5
3124,16
3125,103
3126,48
3127,9
3128,26
3129,66
3130,44
3131,18
3132,30
3133,105
3134,13
3135,111
3136,17
3137,34
3138,8
3139,17
3140,24
3141,26
3142,61
3143,15
3144,84
3145,51
3146,92
3147,25
3148,15
3149,35
3150,21
3151,26
3152,23
3153,30
3154,16
3155,23
3156,6
3157,11
3158,29
3159,11
3160,4
3161,43
3162,26
3163,19
3164,26
3165,46
3166,19
3167,17
3168,22
3169,17
3170,31
3171,34
3172,166
3173,62
3174,71
3175,78
3176,49
3177,13
3178,23
3179,16
3180,18
3181,8
3182,12
3183,35
3184,37
3185,36
3186,15
3187,8
3188,13
3189,23
3190,22
3191,28
3192,9
3193,6
3194,27
3195,26
3196,62
3197,64
3198,16
3199,104
3200,11
3201,13
3202,15
3203,4
3204,36
3205,29
3206,116
3207,32
3208,15
3209,41
3210,15
3211,57
3212,15
3213,12
3214,4
3215,16
3216,35
3217,46
3218,18
3219,28
3220,83
3221,2
3222,77
3223,47
3224,13
3225,11
3226,8
3227,55
3228,6
3229,12
3230,17
3231,14
3232,25
3233,39
3234,42
3235,82
3236,31
3237,24
3238,25
3239,16
3240,9
3241,82
3242,17
3243,20
3244,48
3245,13
3246,12
3247,20
3248,114
3249,66
3250,12
3251,17
3252,19
3253,36
3254,19
3255,51
3256,11
3257,10
3258,28
3259,43
3260,17
3261,14
3262,4
3263,62
3264,73
3265,29
3266,28
3267,27
3268,13
3269,34
3270,25
3271,4
3272,17
3273,17
3274,11
3275,16
3276,38
3277,63
3278,22
3279,5
3280,18
3281,7
3282,9
3283,24
3284,31
3285,4
3286,14
3287,26
3288,11
3289,33
3290,22
3291,24
3292,27
3293,58
3294,4
3295,8
3296,50
3297,8
3298,20
3299,29
3300,10
3301,21
3302,19
3303,9
3304,7
3305,108
3306,11
3307,32
3308,16
3309,29
3310,103
3311,17
3312,22
3313,32
3314,11
3315,9
3316,7
3317,76
3318,21
3319,59
3320,27
3321,57
3322,17
3323,12
3324,5
3325,45
3326,15
3327,37
3328,15
3329,10
3330,14
3331,10
3332,61
3333,18
3334,50
3335,51
3336,17
3337,31
3338,47
3339,6
3340,4
3341,52
3342,10
3343,51
3344,21
3345,22
3346,11
3347,16
3348,4
3349,115
3350,112
3351,17
3352,27
3353,11
3354,17
3355,240
3356,4
3357,20
3358,72
3359,9
3360,20
3361,22
3362,11
3363,14
3364,15
3365,57
3366,0
3367,38
3368,34
3369,2
3370,26
3371,19
3372,16
3373,35
3374,40
3375,286
3376,19
3377,179
3378,15
3379,35
3380,27
3381,4
3382,23
3383,21
3384,14
3385,12
3386,8
3387,53
3388,22
3389,33
3390,39
3391,4
3392,13
3393,21
3394,6
3395,19
3396,31
3397,15
3398,25
3399,34
3400,13
3401,11
3402,31
3403,8
3404,17
3405,11
3406,17
3407,22
3408,31
3409,34
3410,13
3411,25
3412,23
3413,33
3414,22
3415,25
3416,9
3417,270
3418,8
3419,14
3420,29
3421,51
3422,71
3423,16
3424,11
3425,4
3426,64
3427,42
3428,6
3429,62
3430,18
3431,10
3432,13
3433,10
3434,63
3435,16
3436,19
3437,19
3438,26
3439,16
3440,24
3441,8
3442,16
3443,42
3444,12
3445,12
3446,7
3447,8
3448,34
3449,52
3450,32
3451,31
3452,7
3453,2
3454,17
3455,12
3456,29
3457,57
3458,230
3459,30
3460,18
3461,33
3462,22
3463,29
3464,211
3465,26
3466,87
3467,23
3468,22
3469,29
3470,6
3471,21
3472,62
3473,23
3474,29
3475,13
3476,43
3477,24
3478,27
3479,127
3480,12
3481,6
3482,14
3483,11
3484,48
3485,22
3486,6
3487,11
3488,19
3489,12
3490,26
3491,24
3492,11
3493,9
3494,57
3495,14
3496,7
3497,19
3498,7
3499,20
3500,46
3501,4
3502,5
3503,10
3504,16
3505,9
3506,11
3507,19
3508,36
3509,10
3510,15
3511,74
3512,10
3513,59
3514,23
3515,12
3516,22
3517,14
3518,1
3519,15
3520,37
3521,39
3522,31
3523,11
3524,19
3525,75
3526,56
3527,9
3528,48
3529,71
3530,7
3531,12
3532,35
3533,8
3534,16
3535,19
3536,26
3537,80
3538,365
3539,14
3540,31
3541,49
3542,13
3543,35
3544,22
3545,26
3546,78
3547,9
3548,25
3549,66
3550,19
3551,10
3552,19
3553,8
3554,11
3555,49
3556,87
3557,14
3558,2
3559,5
3560,33
3561,47
3562,34
3563,18
3564,15
3565,14
3566,23
3567,38
3568,19
3569,19
3570,7
3571,16
3572,19
3573,26
3574,16
3575,333
3576,7
3577,7
3578,20
3579,24
3580,79
3581,38
3582,14
3583,7
3584,29
3585,17
3586,5
3587,12
3588,11
3589,63
3590,13
3591,9
3592,13
3593,115
3594,21
3595,42
3596,11
3597,131
3598,28
3599,22
3600,15
3601,28
3602,8
3603,7
3604,22
3605,26
3606,13
3607,46
3608,17
3609,98
3610,22
3611,5
3612,24
3613,14
3614,32
3615,17
3616,20
3617,16
3618,25
3619,19
3620,50
3621,28
3622,12
3623,62
3624,9
3625,30
3626,4
3627,8
3628,26
3629,42
3630,9
3631,46
3632,21
3633,51
3634,15
3635,5
3636,15
3637,11
3638,10
3639,18
3640,26
3641,4
3642,14
3643,13
3644,20
3645,118
3646,19
3647,10
3648,45
3649,58
3650,23
3651,24
3652,28
3653,22
3654,4
3655,19
3656,16
3657,5
3658,30
3659,15
3660,14
3661,0
3662,17
3663,12
3664,20
3665,35
3666,6
3667,14
3668,15
3669,29
3670,23
3671,12
3672,6
3673,56
3674,12
3675,15
3676,42
3677,39
3678,15
3679,29
3680,24
3681,10
3682,65
3683,31
3684,40
3685,60
3686,19
3687,37
3688,37
3689,21
3690,40
3691,16
3692,147
3693,22
3694,34
3695,10
3696,36
3697,17
3698,17
3699,68
3700,29
3701,16
3702,39
3703,28
3704,29
3705,23
3706,17
3707,3
3708,7
3709,16
3710,3
3711,13
3712,32
3713,40
3714,54
3715,15
3716,10
3717,39
3718,13
3719,31
3720,12
3721,4
3722,31
3723,8
3724,63
3725,78
3726,7
3727,10
3728,12
3729,53
3730,58
3731,29
3732,15
3733,11
3734,28
3735,7
3736,37
3737,28
3738,97
3739,73
3740,42
3741,84
3742,51
3743,18
3744,68
3745,16
3746,18
3747,32
3748,154
3749,20
3750,11
3751,16
3752,12
3753,46
3754,81
3755,18
3756,3
3757,17
3758,32
3759,12
3760,22
3761,7
3762,8
3763,22
3764,12
3765,8
3766,12
3767,26
3768,16
3769,44
3770,32
3771,14
3772,4
3773,75
3774,55
3775,9
3776,17
3777,42
3778,8
3779,11
3780,28
3781,12
3782,79
3783,27
3784,55
3785,28
3786,87
3787,16
3788,8
3789,48
3790,32
3791,31
3792,29
3793,16
3794,10
3795,30
3796,29
3797,18
3798,17
3799,16
3800,11
3801,68
3802,87
3803,49
3804,15
3805,28
3806,9
3807,15
3808,29
3809,135
3810,17
3811,136
3812,11
3813,10
3814,41
3815,17
3816,31
3817,18
3818,32
3819,102
3820,13
3821,9
3822,69
3823,20
3824,25
3825,22
3826,47
3827,13
3828,29
3829,11
3830,98
3831,46
3832,56
3833,57
3834,43
3835,34
3836,35
3837,10
3838,0
3839,11
3840,18
3841,17
3842,25
3843,58
3844,10
3845,26
3846,79
3847,32
3848,13
3849,36
3850,11
3851,10
3852,15
3853,18
3854,20
3855,119
3856,11
3857,8
3858,13
3859,26
3860,6
3861,8
3862,45
3863,89
3864,9
3865,46
3866,15
3867,35
3868,18
3869,29
3870,20
3871,23
3872,11
3873,23
3874,42
3875,28
3876,14
3877,17
3878,15
3879,19
3880,44
3881,17
3882,13
3883,31
3884,21
3885,13
3886,18
3887,9
3888,17
3889,9
3890,24
3891,16
3892,30
3893,18
3894,7
3895,25
3896,12
3897,7
3898,19
3899,48
3900,39
3901,33
3902,17
3903,15
3904,38
3905,73
3906,60
3907,19
3908,12
3909,69
3910,33
3911,27
3912,30
3913,46
3914,6
3915,14
3916,24
3917,44
3918,13
3919,10
3920,21
3921,5
3922,23
3923,19
3924,13
3925,13
3926,40
3927,8
3928,7
3929,18
3930,25
3931,8
3932,3
3933,12
3934,20
3935,23
3936,40
3937,4
3938,13
3939,74
3940,13
3941,13
3942,57
3943,6
3944,9
3945,29
3946,18
3947,12
3948,25
3949,29
3950,14
3951,19
3952,92
3953,14
3954,5
3955,27
3956,26
3957,27
3958,17
3959,24
3960,22
3961,42
3962,6
3963,13
3964,25
3965,10
3966,16
3967,20
3968,33
3969,25
3970,6
3971,13
3972,31
3973,15
3974,17
3975,9
3976,48
3977,6
3978,163
3979,21
3980,32
3981,23
3982,13
3983,13
3984,23
3985,8
3986,43
3987,15
3988,33
3989,107
3990,14
3991,22
3992,12
3993,19
3994,10
3995,14
3996,24
3997,7
3998,20
3999,17
4000,14
4001,16
4002,45
4003,174
4004,57
4005,60
4006,12
4007,30
4008,65
4009,17
4010,3
4011,50
4012,50
4013,25
4014,163
4015,82
4016,2
4017,16
4018,70
4019,4
4020,10
4021,93
4022,27
4023,18
4024,30
4025,26
4026,72
4027,30
4028,18
4029,23
4030,23
4031,24
4032,15
4033,17
4034,65
4035,2
4036,21
4037,20
4038,48
4039,15
4040,72
4041,12
4042,21
4043,32
4044,193
4045,7
4046,7
4047,16
4048,30
4049,10
4050,22
4051,5
4052,31
4053,11
4054,16
4055,62
4056,5
4057,27
4058,22
4059,9
4060,79
4061,13
4062,64
4063,4
4064,12
4065,11
4066,71
4067,6
4068,29
4069,23
4070,55
4071,23
4072,96
4073,4
4074,23
4075,66
4076,13
4077,4
4078,29
4079,13
4080,17
4081,16
4082,33
4083,27
4084,708
4085,63
4086,18
4087,94
4088,11
4089,66
4090,11
4091,30
4092,12
4093,17
4094,32
4095,18
4096,16
4097,26
4098,24
4099,29
4100,33
4101,8
4102,34
4103,35
4104,4
4105,18
4106,14
4107,18
4108,9
4109,15
4110,10
4111,39
4112,21
4113,37
4114,46
4115,22
4116,26
4117,13
4118,6
4119,18
4120,3
4121,14
4122,25
4123,13
4124,15
4125,24
4126,99
4127,9
4128,15
4129,14
4130,9
4131,7
4132,25
4133,11
4134,26
4135,12
4136,30
4137,25
4138,32
4139,13
4140,13
4141,33
4142,29
4143,11
4144,39
4145,24
4146,30
4147,18
4148,26
4149,22
4150,22
4151,33
4152,12
4153,17
4154,31
4155,16
4156,37
4157,27
4158,26
4159,10
4160,29
4161,39
4162,128
4163,2
4164,53
4165,27
4166,26
4167,33
4168,1
4169,25
4170,17
4171,76
4172,35
4173,146
4174,25
4175,10
4176,11
4177,15
4178,27
4179,32
4180,11
4181,9
4182,9
4183,14
4184,11
4185,17
4186,24
4187,11
4188,23
4189,7
4190,11
4191,93
4192,14
4193,64
4194,12
4195,3
4196,24
4197,2
4198,10
4199,14
4200,20
4201,9
4202,29
4203,13
4204,81
4205,22
4206,65
4207,29
4208,23
4209,27
4210,28
4211,14
4212,14
4213,24
4214,17
4215,5
4216,10
4217,19
4218,6
4219,11
4220,16
4221,28
4222,25
4223,29
4224,20
4225,30
4226,24
4227,14
4228,14
4229,17
4230,63
4231,74
4232,11
4233,66
4234,28
4235,19
4236,12
4237,62
4238,30
4239,28
4240,114
4241,60
4242,32
4243,39
4244,13
4245,21
4246,23
4247,34
4248,12
4249,78
4250,22
4251,15
4252,13
4253,12
4254,19
4255,24
4256,46
4257,14
4258,29
4259,26
4260,21
4261,11
4262,17
4263,16
4264,52
4265,16
4266,1
4267,53
4268,11
4269,55
4270,38
4271,62
4272,9
4273,20
4274,30
4275,14
4276,65
4277,2
4278,30
4279,11
4280,24
4281,2
4282,24
4283,17
4284,9
4285,26
4286,7
4287,41
4288,10
4289,7
4290,47
4291,37
4292,26
4293,88
4294,30
4295,2
4296,7
4297,12
4298,135
4299,14
4300,15
4301,125
4302,94
4303,6
4304,12
4305,38
